mc160.train.0	the hardest thing for Tom and his friends to was fix Door.	the hardest thing for Tom and his friends to was fix House.	the hardest thing for Tom and his friends to was fix Window.	the hardest thing for Tom and his friends to was fix Toilet.	Tom need to fixed first Door.	Tom need to fixed first House.	Tom need to fixed first Window.	Tom need to fixed first Toilet.	Jim didn't bring Jim with him.	Jim didn't bring Dolly with him.	Jim didn't bring Molly with him.	Jim didn't bring Holly with him.	Molly was Tom's best friend.	Holly was Tom's best friend.	Jim was Tom's best friend.	Dolly was Tom's best friend.
mc160.train.1	Whisker's Birthday is on Today.	Whisker's Birthday is on Last year.	Whisker's Birthday is on Friday.	Whisker's Birthday is on Saturday.	Whiskers likes to do Sleep in the sun and drink creamy milk.	Whiskers likes to do Play.	Whiskers likes to do Drink.	Whiskers likes to do Sleep.	All white with a black spot color is Whiskers.	White color is Whiskers.	Black color is Whiskers.	Black with white paws and a white spot color is Whiskers.	Lisa buys for Whiskers for this birthday A bowl with a cat on it.	Lisa buys for Whiskers for this birthday A play mouse.	Lisa buys for Whiskers for this birthday A red ball of yarn and a bowl with a cat on it.	Lisa buys for Whiskers for this birthday A blue feather.
mc160.train.2	the main characters live in A home for orphans.	the main characters live in A house.	the main characters live in An Apartment.	the main characters live in A trailer park.	the girl's is name Patty.	the girl's is name Katerina.	the girl's is name Kate.	the girl's is name Katherine.	wrong with the girl is She has the flu.	wrong with the girl is She has a heart problem.	wrong with the girl is She has diabetes.	wrong with the girl is She has a cold.	the boy's is name Hawthorne.	the boy's is name Hawthorne's.	the boy's is name Hamlet.	the boy's is name Jeremy.
mc160.train.3	the strange was guy doing with the friend enjoying a meal.	the strange was guy doing with the friend talking about his job.	the strange was guy doing with the friend talking to him.	the strange was guy doing with the friend trying to beat him.	the strange guy ran away because because he heard the cop car.	the strange guy ran away because because he saw his friend.	the strange guy ran away because because he didn't like the dinner.	the strange guy ran away because because it was getting late.	a sword was the strange guy dressed up as.	a car was the strange guy dressed up as.	a superhero was the strange guy dressed up as.	a cop was the strange guy dressed up as.	they ate at the friend's house lunch.	they ate at the friend's house snack.	they ate at the friend's house breakfast.	they ate at the friend's house dinner.
mc160.train.4	Alex proud of James because Alex was proud because James was brave.	Alex was proud because he was his hero.	Alex was proud because he was weak.	Alex was proud because he was scared.	Alex is the character that is fat and is being bullied.	Gordon is the character that is fat and is being bullied.	Johnny is the character that is fat and is being bullied.	James is the character that is fat and is being bullied.	James wanted to be heroes. They were protecting themselves.	the bullies do after James stood up ed to them The bullies didn't know what to do and gave up. They went away to look for more fun things.	James were scared. They stood up for each other.	James were weak. They remembered all the times they were being protected.	James stand up ed to the bullies because Because he was weak. He wanted to be the opposite.	James wanted to protect himself. He did n't want Alex to always help him.	James stand up ed to the bullies because Because they grew up together. They were best friends.	James wanted to not be scared. He wanted someone to be proud of him.
mc160.train.5	The park didn't invite Martha to the party.	No one didn't invite Martha to the party.	Martha didn't invite Martha to the party.	Stephan didn't invite Martha to the party.	Martha did n't know who she was	Martha did n't know where she was	Martha did n't know what time it was	Martha could n't find her friends	Sunny such as it.	Windy such as it.	Rainy such as it.	Cloudy such as it.	Martha checked first at the park in Under the benches.	Martha checked first at the park in At her house.	Martha checked first at the park in Restrooms.	Martha checked first at the park in At the top of the slides.
mc160.train.6	Sam was time for a bath.	Sam was time to go to school.	mom say Sam could not played because Sam had to pet the cat.	Sam was time for breakfast.	Katy is Sam's best friend.	John is Sam's best friend.	Bill is Sam's best friend.	Ralph is Sam's best friend.	Sam love Ralph because Because Ralph licks him on the face and has floppy ears.	Sam love Ralph because Because Ralph likes to lick him on the face and play.	Sam love Ralph because Because Ralph likes to run and play.	Sam love Ralph because Because Ralph likes to jump and run.	Sam's favorite cereal is Fruit Loops.	Sam's favorite cereal is Friendly O's.	Sam's favorite cereal is Cheerios.	Sam's favorite cereal is Sharkies.
mc160.train.7	Bentley had been stuck in traffic	Bentley's human's upset because The house was wet.	Bentley's human's upset because The door was open.	Bentley's human's upset because The animals ripped the sofa.	name of the cat Bentley was met Bentley.	name of the cat Bentley was met Human.	name of the cat Bentley was met Felix.	name of the cat Bentley was met Puppy.	Bentley digging in was River.	Bentley digging in was Trash.	Bentley digging in was Dirt.	Bentley digging in was Street.	the two animals went after digging in the trash in The city.	the two animals went after digging in the trash in River.	the two animals went after digging in the trash in Space.	the two animals went after digging in the trash in Home.
mc160.train.8	Timmy like to collected the most Baseball cards.	Timmy like to collected the most Bottle caps.	Timmy like to collected the most Sea shells.	Timmy like to collected the most Stamps.	Timmy's most expensive collection is Sea Shells.	Timmy's most expensive collection is Baseball Cards.	Timmy's most expensive collection is Stamps.	Timmy's most expensive collection is Bottle Cap.	Timmy not collected Baseball cards.	Timmy not collected Bottle caps.	Timmy not collected Sea shells.	Timmy not collected Stamps.	Timmy liked to do Play games these things the most.	Timmy liked to do Play sports these things the most.	Timmy liked to do Collect things these things the most.	Timmy liked to do Collect stamps these things the most.
mc160.train.9	Pawn almost hurt Pawn.	Queen almost hurt Pawn.	King almost hurt Pawn.	Knight almost hurt Pawn.	Pawn was the greatest person in Board.	Knight was the greatest person in Board.	Rook was the greatest person in Board.	King was the greatest person in Board.	Pawn protected with his new power Bishop.	Pawn protected with his new power Rook.	Pawn protected with his new power Queen.	Pawn protected with his new power King.	the only thing to was do in Board help King.	the only thing to was do in Board become Queen.	the only thing to was do in Board play chess.	the only thing to was do in Board meet people.
mc160.train.10	doesn't using the stool work at first because It isn't tall enough.	doesn't using the stool work at first because it's in the cupboard.	doesn't using the stool work at first because it doesn't reach the edge of the sink.	doesn't using the stool work at first because Jake is too short to use the stool.	 At the beginning of the story, why can't Jake get the oranges his mother told him not to.	 At the beginning of the story, why can't Jake get the oranges he doesn't like them.	 At the beginning of the story, why can't Jake get the oranges they make him itchy.	 At the beginning of the story, why can't Jake get the oranges They are on top of the refrigerator, where he can't reach.	Bananas fruit was not in the house.	Strawberries fruit was not in the house.	Apples fruit was not in the house.	Oranges fruit was not in the house.	Jake do with the orange once he does has it Puts it back on top of the refrigerator.	Jake do with the orange once he does has it Throws it away in the yard waste.	Jake do with the orange once he does has it Puts it in the sink.	Jake do with the orange once he does has it Eats it.
mc160.train.11	Mark felt name.	Mark felt block.	Mark felt happy.	Mark felt off.	Error was Wendy's dad.	Wendy was Wendy's dad.	Greg was Wendy's dad.	Mark was Wendy's dad.	Mark had to write very.	Mark had to write story.	Mark had to write case.	Mark had to write could.	Mark wanted story.	Mark wanted money.	Mark wanted odd.	Mark wanted bears.
mc160.train.12	James does 2 hours have to play every day for a week to be good at baseball.	James does 1 hour have to play every day for a week to be good at baseball.	James does 7 hours have to play every day for a week to be good at baseball.	James does 5 hours have to play every day for a week to be good at baseball.	James does do when his glove rips he gives up.	James does do when his glove rips he borrows his brother's glove.	James does do when his glove rips he looks for a way to make money.	James does do when his glove rips he gets mad and yells.	James needs to practice music.	James needs to practice hockey.	James needs to practice football.	James needs to practice baseball.	James' friend's is name Harry.	James' friend's is name Tommy.	James' friend's is name Arnold.	James' friend's is name Mi key.
mc160.train.13	Her father was the main character flying a kite with.	Her aunt was the main character flying a kite with.	Her mother was the main character flying a kite with.	Her brother was the main character flying a kite with.	the main character feel about her kites adventure Sad.	the main character feel about her kites adventure Interested by the sights.	the main character feel about her kites adventure Very scared.	the main character feel about her kites adventure Bored.	the main character say it can be dangerous to fly a kite because Because the kite has sharp edges.	the main character say it can be dangerous to fly a kite because Because the kite string got twisted around her.	the main character say it can be dangerous to fly a kite because Because she got caught on the kite and pulled up into the air.	the main character say it can be dangerous to fly a kite because Because she ran too fast with the kite and fell down.	the main character say her dad looks likes on the ground A black dot.	the main character say her dad looks likes on the ground A bear.	the main character say her dad looks likes on the ground An ant.	the main character say her dad looks likes on the ground Nothing.
mc160.train.14	brown color was the cute puppy.	yellow color was the cute puppy.	black color was the cute puppy.	white color was the cute puppy.	the best gift Rudy was had ever been given a red collar with a name tag.	the best gift Rudy was had ever been given a toy.	the best gift Rudy was had ever been given a bone.	the best gift Rudy was had ever been given a ball.	Rudy and Thomas love to played in the back yard.	Rudy and Thomas love to played in at the park.	Rudy and Thomas love to played in in the garden.	Rudy and Thomas love to played in in the house.	name of Rudy's best friend was Sally.	name of Rudy's best friend was Jacob.	name of Rudy's best friend was Thomas.	name of Rudy's best friend was Rick.
mc160.train.15	Jessica brought to the pond Lunch and colas.	Jessica brought to the pond Spike.	Jessica brought to the pond Bone.	Jessica brought to the pond Frisbee.	John's puppy's is name Pond.	John's puppy's is name Jessica.	John's puppy's is name John.	John's puppy's is name Spike.	John threw to Spike Leash.	John threw to Spike Frisbee and Bone.	John threw to Spike Colas.	John threw to Spike Lunch.	Spike was John's best friend.	Jessica was John's best friend.	Tom was John's best friend.	Thomas was John's best friend.
mc160.train.16	Mark did the people sing about.	Horace did the people sing about.	Assassin did the people sing about.	Tim did the people sing about.	Greg was Tim's grandfather.	Jim was Tim's grandfather.	Frank was Tim's grandfather.	Horace was Tim's grandfather.	20 years has Tim ruled.	3 years has Tim ruled.	100 years has Tim ruled.	5 years has Tim ruled.	Mark was Jim's father.	Tim was Jim's father.	Mark ton was Jim's father.	Greg was Jim's father.
mc160.train.17	Jane beat the others did at the racing games games.	Jane beat the others did at the cooking games games.	Jane beat the others did at the puzzle games games.	Jane beat the others did at the battle games games.	Jake eats at the diner a cheeseburger with onions.	Jake eats at the diner an onion ring basket.	Jake eats at the diner fish and chips.	Jake eats at the diner a cheese sandwich.	Dave has to do his reading homework	Dave has piano practice	Dave leave Jane's house after only an hour because the others don't like him.	Dave leave Jane's house after only an hour because his mother is waiting for him.	they promise to did the next day hang out at Jane's house.	they promise to did the next day hang out during school.	they promise to did the next day hang out at the diner.	they promise to did the next day hang out after school.
mc160.train.18	some of the class get to took home, other than stories corn.	some of the class get to took home, other than stories peanuts.	some of the class get to took home, other than stories chickens.	some of the class get to took home, other than stories milk.	chickens tried to bump the children with their heads.	goats tried to bump the children with their heads.	cows tried to bump the children with their heads.	sheep tried to bump the children with their heads.	the Nixon family grew on their farm corn and wheat.	the Nixon family grew on their farm vegetables.	the Nixon family grew on their farm peanuts.	the Nixon family grew on their farm apples and oranges.	cows and horses stayed in the Nixon s' barn.	sheep and hogs stayed in the Nixon s' barn.	goats and chickens stayed in the Nixon s' barn.	dogs and cats stayed in the Nixon s' barn.
mc160.train.19	the child go when he sawed the butterflies in To the movie.	the child go when he sawed the butterflies in To school.	the child go when he sawed the butterflies in In the car.	the child go when he sawed the butterflies in To the zoo in Seattle.	deer, worms and cats such as at the zoo.	wolves, ants and giraffe such as at the zoo.	tigers, bears and snakes such as at the zoo.	penguins, zebras and crocodiles such as at the zoo.	mom get the child to learn t about butterflies a book.	mom get the child to learn t about butterflies an ice cream.	mom get the child to learn t about butterflies a zoo.	mom get the child to learn t about butterflies a movie.	the child afraid of is tigers.	the child afraid of is brother.	the child afraid of is butterflies.	the child afraid of is bears.
mc160.train.20	Mary know John was a nice maned He played with Buddy and brought her a flower.	Mary know John was a nice maned John was Mary's best friend.	Mary know John was a nice maned He liked to chase balls.	Mary know John was a nice maned He was shy.	Buddy, Mary and John liked to do Visit new places.	Buddy, Mary and John liked to do Take baths.	Buddy, Mary and John liked to do Eat hamburgers.	Buddy, Mary and John liked to do Play fetch.	Buddy barked happily because Because Mary was going to give him a bath.	Buddy barked happily because Because his new friend John became friends with Mary.	Buddy barked happily because Because John gave him a hamburger to eat.	Buddy barked happily because Because he found a beautiful flower to give to Mary.	John was the new friend.	Buddy was the new friend.	a flower was the new friend.	Mary was the new friend.
mc160.train.21	football sport was George playing by himself.	baseball sport was George playing by himself.	basketball sport was George playing by himself.	soccer sport was George playing by himself.	the bird did in the sky take a poop.	the bird did in the sky eat a worm.	the bird did in the sky fly in a circle then fly away.	the bird did in the sky play with a cloud.	Laura see as she ate the ice creamed cone a boy break his leg.	Laura see as she ate the ice creamed cone a mother yelling.	Laura see as she ate the ice creamed cone a dog running.	Laura see as she ate the ice creamed cone a car crash.	The boys got the ice cream cones.	George got the ice cream cones.	Laura got the ice cream cones.	A stranger got the ice cream cones.
mc160.train.22	the kids favorite foods at the picnics were Steak and salad.	the kids favorite foods at the picnics were Chicken and coleslaw.	the kids favorite foods at the picnics were Hamburgers and Fries.	the kids favorite foods at the picnics were Hot dogs and chips.	 Can you name two things the people loved to wear Socks and shoes.	 Can you name two things the people loved to wear Shoes and Hats.	 Can you name two things the people loved to wear Hats and Socks.	 Can you name two things the people loved to wear Hats and big warm sweaters.	On the street with different colored houses purple house with yellow stripes wasn't like the others.	On the street with different colored houses green wasn't like the others.	On the street with different colored houses blue wasn't like the others.	On the street with different colored houses red wasn't like the others.	 Can you name two things that were all different colors, shapes and sizes hats and pajamas.	 Can you name two things that were all different colors, shapes and sizes Sweaters and houses.	 Can you name two things that were all different colors, shapes and sizes Hats and socks.	 Can you name two things that were all different colors, shapes and sizes Houses and hats.
mc160.train.23	 Paws favorite place to live was The house outside the city.	 Paws favorite place to live was The cabin in the woods.	 Paws favorite place to live was The apartment in the city.	 Paws favorite place to live was A house in the woods.	the Jones family lives now in In a cabin in the woods.	the Jones family lives now in Outside the City.	the Jones family lives now in In a house in the woods.	the Jones family lives now in In the City.	Cabin type of home does the Jones family live in.	City type of home does the Jones family live in.	House type of home does the Jones family live in.	Apartment type of home does the Jones family live in.	Jones family does Paws the cat live with.	Paws does Paws the cat live with.	Peter family does Paws the cat live with.	Smith Family does Paws the cat live with.
mc160.train.24	a cat was Chocolate.	a dog was Chocolate.	a lizard was Chocolate.	a turtle was Chocolate.	Chocolate had at the beginning and the end of the story a worn shell.	Chocolate had at the beginning and the end of the story beautiful golden eyes.	Chocolate had at the beginning and the end of the story bright green eyes.	Chocolate had at the beginning and the end of the story a shiny shell.	Lauren hid Chocolate in in a closet.	Lauren hid Chocolate in in a box.	Lauren hid Chocolate in in her backpack.	Lauren hid Chocolate in in the bathtub.	Lauren do to helped Chocolate fed her and put drops in her eyes.	Lauren do to helped Chocolate helped her cross the road and gave her a bath.	Lauren do to helped Chocolate helped her cross the road and put drops in her eyes.	Lauren do to helped Chocolate gave her a bath and fed her.
mc160.train.25	Jake hit a home run at the end of the game.	Jimmy hit a home run at the end of the game.	Josh hit a home run at the end of the game.	Johnny hit a home run at the end of the game.	the Blue jays team are the Knights playing today.	the Tigers team are the Knights playing today.	the Jets team are the Knights playing today.	the Hawks team are the Knights playing today.	Jimmy plays first base.	Josh plays first base.	Jake plays first base.	Johnny plays first base.	the were nine boys when they started playing baseball.	the were two boys when they started playing baseball.	the were four boys when they started playing baseball.	the were three boys when they started playing baseball.
mc160.train.26	Bus driver type of job was NOT in the story.	Policeman type of job was NOT in the story.	Milk-maker type of job was NOT in the story.	Fireman type of job was NOT in the story.	Flash did in Catatonia Blew up things and put on bright fireworks shows in the distance.	Flash did in Catatonia Was a fireman.	Flash did in Catatonia Served cheese and cream.	Flash did in Catatonia Was the king.	names of the ruling brothers were Pounce r, Flash and Dig gs.	names of the ruling brothers were Dig gs, Flash and Spot.	names of the ruling brothers were Cream, Milk and Cheese.	names of the ruling brothers were Pounce r, Kitten and King.	Spotted type of kittens did NOT come to visit Pounce r.	White type of kittens did NOT come to visit Pounce r.	Cheese colored type of kittens did NOT come to visit Pounce r.	Black and White type of kittens did NOT come to visit Pounce r.
mc160.train.27	morning time of day did Jeff and Forrest go for a walk.	afternoon time of day did Jeff and Forrest go for a walk.	night time of day did Jeff and Forrest go for a walk.	lunchtime time of day did Jeff and Forrest go for a walk.	Jeff looked scary	Jeff chased him and his dog	Jeff were howling	Jeff disappeared	name of Jeff's dog was Scruffy.	name of Jeff's dog was Patches.	name of Jeff's dog was Forrest.	name of Jeff's dog was Rodney.	Jeff and Forrest saw two men.	Jeff and Forrest saw four men.	Jeff and Forrest saw three men.	Jeff and Forrest saw one men.
mc160.train.28	the blue fish stay together.	the yellow fish stay together.	the red fish stay together.	the sea turtles stay together.	red color was the sea turtle.	blue color was the sea turtle.	green color was the sea turtle.	yellow color was the sea turtle.	Johnny and Daddy went in to the aquarium.	Johnny and Daddy went in to Disney Land.	Johnny and Daddy went in to the ice cream store.	Johnny and Daddy went in to get a hamburger.	Johnny saw first the blue fish.	Johnny saw first the red fish.	Johnny saw first the yellow fish.	Johnny saw first the sea turtle.
mc160.train.29	Rob like to does do at the park walk.	Rob like to does do at the park throw a ball.	Rob like to does do at the park run.	Rob like to does do at the park swing and go down the slide.	by the baseball is field the store.	by the baseball is field the school.	by the baseball is field a rock.	by the baseball is field the park.	throwing makes Rob hungry.	swinging makes Rob hungry.	running makes Rob hungry.	jumping makes Rob hungry.	Black color is Rob.	Red color is Rob.	Brown color is Rob.	White color is Rob.
mc160.train.30	Mary liked to sew blankets, dresses, and shirts.	Mary liked to sew dresses, shirts, and skirts.	Mary liked to sew quilts, blankets, and shirts.	Mary liked to sew quilts, dresses, and skirts.	the little girl's was name in the story Mary.	the little girl's was name in the story Billie.	the little girl's was name in the story Billy.	the little girl's was name in the story Abby.	Mary's father not want Mary to sewed because Because she never did anything but sew.	Mary's father not want Mary to sewed because Because her friends didn't think she was normal.	Mary's father not want Mary to sewed because Because he thought little girls needed to laugh and play.	Mary's father not want Mary to sewed because Because he didn't like her sewing.	two of Mary's friends' names are Billy and Abby.	two of Mary's friends' names are Johnny and Abby.	two of Mary's friends' names are Billie and Abbie.	two of Mary's friends' names are Jenny and Billy.
mc160.train.31	Ryan and Adam play at Jared's house football.	Ryan and Adam play at Jared's house basketball.	Ryan and Adam play at Jared's house soccer.	Ryan and Adam play at Jared's house baseball.	football sport do Ryan and Adam love to play.	baseball sport do Ryan and Adam love to play.	soccer sport do Ryan and Adam love to play.	basketball sport do Ryan and Adam love to play.	the boys get to play on at their school next year on a baseball team.	the boys get to play on at their school next year on a skateboarding team.	the boys get to play on at their school next year on a soccer team.	the boys get to play on at their school next year on a basketball team.	Jared got for his ninth birthday a basketball hoop.	Jared got for his ninth birthday a baseball bat.	Jared got for his ninth birthday a football.	Jared got for his ninth birthday a skateboard.
mc160.train.32	Mary found in her desk a test.	Mary found in her desk a birthday invitation.	Mary found in her desk a teacher.	Mary found in her desk a sandwich.	Mary felt at the end of the story sad.	Mary felt at the end of the story mad.	Mary felt at the end of the story happy.	Mary felt at the end of the story grumpy.	we was thought not invited to the party Cindy.	we was thought not invited to the party Allison.	we was thought not invited to the party Mary's desk.	we was thought not invited to the party Mary.	this story about was an animal.	this story about was the teacher.	this story about was a birthday party.	this story about was a test.
mc160.train.33	she travel to sees the boy On an Airplane.	she travel to sees the boy on a Dinosaur.	she travel to sees the boy On a bird.	she travel to sees the boy In a time machine.	the girl NOT imagines Kitties.	the girl NOT imagines Chocolate ice cream.	the girl NOT imagines Birds.	the girl NOT imagines Puppies.	it snowing is in Hawaii.	it snowing is in MR.	it snowing is in Argentina.	it snowing is in Pleiades.	the boy, called Pleiades.	the boy, called Argentina.	the boy, called Eduardo.	the boy, called Eh.
mc160.train.34	Jessica made Jamie and his friends leave their sandals, watches and hats by the fence.	Mike made Jamie and his friends leave their sandals, watches and hats by the fence.	Joe made Jamie and his friends leave their sandals, watches and hats by the fence.	The lifeguard made Jamie and his friends leave their sandals, watches and hats by the fence.	friends play baseball is in The store.	friends play baseball is in The park.	friends play baseball is in The street.	friends play baseball is in His house.	Jamie and his friends met at the pool Mike and Sally.	Jamie and his friends met at the pool Mike and Joe.	Jamie and his friends met at the pool Jessica, Jenny and Sally.	Jamie and his friends met at the pool Mike and the Lifeguard.	Jamie and Joe bought from the store 2 baseballs and chips.	Jamie and Joe bought from the store Colas and chips.	Jamie and Joe bought from the store Ice Cream.	Jamie and Joe bought from the store 2 baseballs and colas.
mc160.train.35	Freddy loves His friends.	Freddy loves His bicycle.	Freddy loves His mom.	Freddy loves His dad.	the main character in the story, called Billy.	the main character in the story, called Freddy.	the main character in the story, called Blake.	the main character in the story, called Joey.	In Neighborhood and Hospital places is this story located.	In Neighborhood and Shopping Mall places is this story located.	In Hospital and the Zoo places is this story located.	In Restaurant and Shopping Mall places is this story located.	"the main character's friends say to him ""Freddy is a girl!"" and ""You're a little baby!""."	"the main character's friends say to him ""Helmets are for girls!  You're not cool if you wear a helmet!"" and ""What are you, scared?""."	"the main character's friends say to him ""Did your mommy buy you that helmet?""  and ""Helmets are for girls!  You're not cool if you wear a helmet!""."	"the main character's friends say to him ""Quit being such a cry baby"" and ""What are you, scared?""."
mc160.train.36	 Based on the story, who likely won the race Jane.	 Based on the story, who likely won the race Matt.	 Based on the story, who likely won the race Sarah.	 Based on the story, who likely won the race Stephanie.	Sarah unhappy because Stephanie was her friend.	Sarah did not win the race	Sarah unhappy because Matt helped her stand up.	Sarah unhappy because Jane gave her a bandage.	Stephanie gave Sarah A rock.	Stephanie gave Sarah A bunny toy.	Stephanie gave Sarah A hug.	Stephanie gave Sarah A bandage.	on Sarah's was shirt shoelace.	on Sarah's was shirt cat.	on Sarah's was shirt rock.	on Sarah's was shirt bunny.
mc160.train.37	the different types of food are found in the store no food is in the story.	the different types of food are found in the store Turkey and radishes.	the different types of food are found in the store Turkey, chocolate, and radishes.	the different types of food are found in the store Chocolate.	 Mitch's heart is ____, after joining the _____ red, circus.	 Mitch's heart is ____, after joining the _____ blue, CIA.	 Mitch's heart is ____, after joining the _____ green, circus.	 Mitch's heart is ____, after joining the _____ pink, superheroes.	Mitch need to get for his mothered at the store Toys.	Mitch need to get for his mothered at the store A fish soup.	Mitch need to get for his mothered at the store A big turkey.	Mitch need to get for his mothered at the store A lion.	Mickey the mouse was Ted the Walrus before he was a giant walrus.	Mitch was Ted the Walrus before he was a giant walrus.	Ricky the bat was Ted the Walrus before he was a giant walrus.	Dino the dog faced boy was Ted the Walrus before he was a giant walrus.
mc160.train.38	blue color was door C.	red color was door C.	yellow color was door C.	brown color was door C.	Beta was the leader.	Gamma was the leader.	Alpha was the leader.	Delta was the leader.	blue color was the door that Delta wanted to go in.	yellow color was the door that Delta wanted to go in.	red color was the door that Delta wanted to go in.	brown color was the door that Delta wanted to go in.	blue color was door A.	red color was door A.	yellow color was door A.	brown color was door A.
mc160.train.39	bouncy makes Danny's sneakers special.	shiny red makes Danny's sneakers special.	pictures of robots makes Danny's sneakers special.	blue stripes makes Danny's sneakers special.	Tommy's birthday is on today.	Tommy's birthday is on last month.	Tommy's birthday is on yesterday.	Tommy's birthday is on next week.	Tommy 's not shiny	Tommy 's too small	Tommy 's old	Tommy 's red	Danny is Tommy's best friend.	Joey's little brother is Tommy's best friend.	Joey is Tommy's best friend.	Bobby is Tommy's best friend.
mc160.train.40	the interesting was smell Carrots.	the interesting was smell A flower.	the interesting was smell Mushrooms.	the interesting was smell Dirt.	White color is Winston.	Black color is Winston.	Brown color is Winston.	Grey color is Winston.	Francis smelled something interesting.	Winston smelled something interesting.	Chester smelled something interesting.	Acorn smelled something interesting.	the rabbits go to ate everyday in The meadow.	the rabbits go to ate everyday in A forest.	the rabbits go to ate everyday in Their home.	the rabbits go to ate everyday in A road.
mc160.train.41	the sound of the wind made the old woman nervous.	ghosts made the old woman nervous.	cats made the old woman nervous.	snakes made the old woman nervous.	blowing outside the house was bubbles.	blowing outside the house was a storm.	blowing outside the house was the wind.	blowing outside the house was clouds.	the old woman's little sister still looked five years old.	the house still looked five years old.	her mom and dad still looked five years old.	the bed still looked five years old.	the wind did the younger sister miss.	the old woman did the younger sister miss.	her mom did the younger sister miss.	her pet bunny did the younger sister miss.
mc160.train.42	Joey hugged Joey.	Joey kicked Joey.	Joey made fun of his stinky breath.	Joey gave Joey a high-five.	Joey would get smarter.	Joey would grow up to be big and strong.	Joey would run faster.	Joey would get a treat.	Joey stopped brushing his teeth.	Joey did n't go back to school.	Joey only brushed his teeth sometimes.	Joey brushed his teeth every day after that.	Joey did n't like to go to school.	Joey did n't like to eat his breakfast.	Joey did n't like to brush his teeth.	Joey did n't like his bedtime.
mc160.train.43	Abby and Molly were bored one Saturday.	Bailey and Kara were bored one Saturday.	Abby and Bailey were bored one Saturday.	Kara and Molly were bored one Saturday.	they made two pitchers of lemonade.	they made four pitchers of lemonade.	they made one pitchers of lemonade.	they made three pitchers of lemonade.	Abby's mom help them set up their stand.	Bailey's mom help them set up their stand.	Molly's mom help them set up their stand.	Kara's mom help them set up their stand.	their was an hour stand open.	their was three days stand open.	their was two days stand open.	their was a half hour stand open.
mc160.train.44	Chris pull outed of his pocket Airplane.	Chris pull outed of his pocket Paper.	Chris pull outed of his pocket Pencil.	Chris pull outed of his pocket Rock.	Bob's mom works in the school bus.	Bob's mom works in on an airplane.	Bob's mom works in The high school.	Bob's mom works in the middle school.	Chris did the paper airplane hit in the face.	Jim did the paper airplane hit in the face.	Jill did the paper airplane hit in the face.	Jeff did the paper airplane hit in the face.	Chris is Bob's best friend.	Jim is Bob's best friend.	Jill is Bob's best friend.	Jeff is Bob's best friend.
mc160.train.45	Johnny spend one ice cream and candy four dollars money.	Johnny spend one ice cream and candy nine dollars money.	Johnny spend one ice cream and candy one dollar money.	Johnny spend one ice cream and candy five dollars money.	bird pet does Johnny play with outside.	Dog pet does Johnny play with outside.	fish pet does Johnny play with outside.	cat pet does Johnny play with outside.	Johnny is nine.	Johnny is eight.	Johnny is four.	Johnny is seven.	Johnny want to eat when he does is playing outside ice cream.	Johnny want to eat when he does is playing outside pizza.	Johnny want to eat when he does is playing outside soda.	Johnny want to eat when he does is playing outside candy.
mc160.train.46	it dangerous for Snowball to get the ball of yarn because Balls of yarn are dangerous for kittens to play with.	it dangerous for Snowball to get the ball of yarn because Jumping is bad for her.	Snowball is not allowed to be on the shelf.	Snowball is still small, and was n't used to jumping very high yet.	the kittens playing were in In the living room in the house.	the kittens playing were in The bathroom.	the kittens playing were in Outside.	the kittens playing were in The bedroom.	the kittens do after they did finished playing with each other Went outside.	the kittens do after they did finished playing with each other Took a nap.	the kittens do after they did finished playing with each other Played with their humans.	the kittens do after they did finished playing with each other Ate their food.	Fuzzy got the ball of yarn.	Snowball got the ball of yarn.	A kitten that is not Fuzzy or Snowball got the ball of yarn.	They got the ball of yarn together got the ball of yarn.
mc160.train.47	grandmother when they counted all the bridges is in At Bobby's grandmother's school.	grandmother when they counted all the bridges is in In a yellow cab.	grandmother when they counted all the bridges is in At the zoo.	grandmother when they counted all the bridges is in At the top of the Empire State Building.	Bobby and his grandmother get back to her school from the Port Authority bus st oped They took the bus.	Bobby and his grandmother get back to her school from the Port Authority bus st oped They rode in a yellow cab.	Bobby and his grandmother get back to her school from the Port Authority bus st oped They took the train.	Bobby and his grandmother get back to her school from the Port Authority bus st oped They walked.	Bobby bought before taking the elevator to the ground floor A monkey.	Bobby bought before taking the elevator to the ground floor Three postcards and a snow globe.	Bobby bought before taking the elevator to the ground floor Pizza and sodas.	Bobby bought before taking the elevator to the ground floor An ice cream cone.	Bobby's grandmother say she would try to got Train tickets.	Bobby's grandmother say she would try to got Elevator tickets.	Bobby's grandmother say she would try to got Baseball game tickets.	Bobby's grandmother say she would try to got Zoo tickets.
mc160.train.48	James meet the puppy before he took him homed seven times times.	James meet the puppy before he took him homed five times times.	James meet the puppy before he took him homed two times times.	James meet the puppy before he took him homed three times times.	James doing when he was met the young lady Eating.	James doing when he was met the young lady Walking down the road.	James doing when he was met the young lady Planting a garden.	James doing when he was met the young lady Playing ball.	James named the puppy Spotty.	James named the puppy Brownie.	James named the puppy Jack.	James named the puppy Scoot.	His sister gave James the puppy.	His son gave James the puppy.	a nice young lady gave James the puppy.	His uncle gave James the puppy.
mc160.train.49	they walked past Park.	they walked past River.	they walked past Garage.	they walked past Library and store.	The grandfather cooked the catfish.	Steve cooked the catfish.	The mothers cooked the catfish.	Me cooked the catfish.	the grandfather got from the garage River.	the grandfather got from the garage Worms.	the grandfather got from the garage Stories.	the grandfather got from the garage Poles, fishing line, hooks.	the grandfather doing in the back yard was Sitting under a tree.	the grandfather doing in the back yard was Being bored.	the grandfather doing in the back yard was Reading.	the grandfather doing in the back yard was Fishing.
mc160.train.50	couldn't Tumble eat his oatmeal, at first because The oatmeal was too hot to eat.	Tumble did n't like hot oatmeal	Tumble was n't his turtle bowl	couldn't Tumble eat his oatmeal, at first because his nose was too big for the bowl.	Tumble liked to do eat grass.	Tumble liked to do walk around in the garden and dig small holes to sleep in.	Tumble liked to do take care of Billy.	Tumble liked to do cool down.	Billy's was turtle name Toby.	Billy's was turtle name Tumble.	Billy's was turtle name Tutti.	Billy's was turtle name Timmie.	Billy did everyday after school watch TV.	Billy did everyday after school dig small holes.	Billy did everyday after school walk around the garden.	Billy did everyday after school Feed Tumble a big bowl of oatmeal.
mc160.train.51	Jenny when her mother gave her the cream for the sunburn was in the beach.	Jenny when her mother gave her the cream for the sunburn was in school.	Jenny when her mother gave her the cream for the sunburn was in home.	Jenny when her mother gave her the cream for the sunburn was in the mall.	Jenny had with her 4 friends.	Jenny had with her 1 friends.	Jenny had with her 2 friends.	Jenny had with her 6 friends.	Jenny and her friends lay down on the towels to enjoyed the sun in The water.	Jenny and her friends lay down on the towels to enjoyed the sun in Home.	Jenny and her friends lay down on the towels to enjoyed the sun in The sand.	Jenny and her friends lay down on the towels to enjoyed the sun in School.	name of the girl with blond hair and blue eyes was Jenny.	name of the girl with blond hair and blue eyes was Helga.	name of the girl with blond hair and blue eyes was Sarah.	name of the girl with blond hair and blue eyes was Suzy.
mc160.train.52	Timothy is the main character in the story.	Sarah is the main character in the story.	Kate is the main character in the story.	Annabelle is the main character in the story.	Sarah has 1 brothers and sisters.	Sarah has 2 brothers and sisters.	Sarah has 0 brothers and sisters.	Sarah has 3 brothers and sisters.	Timothy was bored.	Timothy was annoyed.	Timothy went home.	Timothy Leave because His friend came.	Annabelle is Annabelle and Sarah's friend.	Kate is Annabelle and Sarah's friend.	Timothy is Annabelle and Sarah's friend.	Sarah is Annabelle and Sarah's friend.
mc160.train.53	they so were excited in The Fair, and because the rides were fun.	they so were excited in The park, and because Bob the clown was going to be there.	they so were excited in The art show, and because Bob the clown was going to be there.	they so were excited in The fair, and because Bob the clown was going to be there.	The clowns name is Bosco.	The clowns name is Bob.	The clowns name is Sam.	The clowns name is Tim.	Bob the clown doing when Billy and Sandy got to the fair, and what did they have to do before they could was get something from the clown too Handing out cotton candy and candy apples, and pay to get in.	Bob the clown doing when Billy and Sandy got to the fair, and what did they have to do before they could was get something from the clown too Doing a clown dance, and and wait in line.	Bob the clown doing when Billy and Sandy got to the fair, and what did they have to do before they could was get something from the clown too Handing out cotton candy and candy apples, and go on a ride.	Bob the clown doing when Billy and Sandy got to the fair, and what did they have to do before they could was get something from the clown too Handing out cotton candy and candy apples, and wait in line.	Billy and Sandy have to do before they could went to the fair do chores and clean the kitchen.	Billy and Sandy have to do before they could went to the fair rake the lawn and clean their rooms.	Billy and Sandy have to do before they could went to the fair do their chores and clean their rooms.	Billy and Sandy have to do before they could went to the fair sweep the sidewalk and wash the dishes.
mc160.train.54	Bob find that did were not eaten 400 potatoes.	Bob find that did were not eaten 200 potatoes.	Bob find that did were not eaten 300 potatoes.	Bob find that did were not eaten 600 potatoes.	could the cat not run away because It ate the pumpkin.	could the cat not run away because It was stuck in a well.	could the cat not run away because it ate too many potatoes.	could the cat not run away because It was lazy.	the dog, called Cat.	the dog, called Pumpkin.	the dog, called Bob.	the dog, called Gob.	Bob chased the duck.	Bob threw Gob into the house because Gob ate a pumpkin.	Bob ate a potato.	Bob got hungry.
mc160.train.55	red color hair did the lady have.	gray color hair did the lady have.	brown color hair did the lady have.	blonde color hair did the lady have.	wrong with the squirrel was It ran into the street.	wrong with the squirrel was It was stuck in a tree.	wrong with the squirrel was It got hurt, and it only had three legs, and it was hungry.	wrong with the squirrel was It had a bent tail.	In the spring, It stuck the peanuts in its mouth and ran away did the squirrel do with the peanuts.	In the spring, It chewed up the peanuts and spit them out did the squirrel do with the peanuts.	In the spring, It put the peanuts in the pool did the squirrel do with the peanuts.	In the spring, It would take the peanuts and dig a hold and hide them, and then it would come back and get some peanuts to eat did the squirrel do with the peanuts.	there were giant squirrels.	there were flying squirrels.	there were Bully squirrels.	there were baby squirrels.
mc160.train.56	I bought in the store a meat pie.	I bought in the store hot dogs and soda.	I bought in the store a ball.	I bought in the store popcorn, soda, juice, and dog treat.	brown and white color was the dog.	pure white color was the dog.	he was a good dog color was the dog.	he licked my hand color was the dog.	the dog, called Jones.	the dog, called Rin tin tin.	the dog, called Rex.	the dog, called Hazel.	Mr. asked, `` what are you doing here? ''	Mr. picked out a treat	Mr. said, `` we are closed ''	Mr. smiled and thanked me for shopping at his store
mc160.train.57	Tim's day exciting because Tim and his mother and two little sisters were going to the beach.	Tim's day exciting because Tim and his little sisters were going to have a campfire in the backyard.	Tim's day exciting because Tim and his mother were going to the swimming pool.	Tim's day exciting because Rebecca and Georgia, Tim's sisters, were taking him to the beach.	 Did Tim do anything to pass the time in the van during the trip Tim asked his sisters questions in the van.	 Did Tim do anything to pass the time in the van during the trip Tim played Eye Spy, and 20 Questions with his mother in the van.	 Did Tim do anything to pass the time in the van during the trip Tim did not do anything to pass the time.	 Did Tim do anything to pass the time in the van during the trip Tim played Eye Spy with his sisters in the van.	Tim's family had for a picnic on the beach Tim's family had lemon chicken, macaroni, and a pie for dessert.	Tim's family had for a picnic on the beach Tim's family had cold chicken, macaroni salad, and lemon pie for dessert.	Tim's family had for a picnic on the beach Tim's family had macaroni and cheese, chicken, and a lemon pie for dessert.	Tim's family had for a picnic on the beach Tim's family had chicken salad, and lemon pie for dessert.	the water like when the family was reached the beach The water was warm, and made a lovely sound when it lapped up on the shore, and it also felt great on Tim's toes.	the water like when the family was reached the beach The water was hot when they went swimming.	the water like when the family was reached the beach The water was full of seaweed.	the water like when the family was reached the beach The water was cold.
mc160.train.58	Molly's cat plays with yarn.	Molly's cat plays with cage.	Molly's cat plays with wheel.	Molly's cat plays with ball.	Molly likes animals.	Molly likes baseball.	Molly likes skating.	Molly likes singing.	Molly's dog's is name Spot.	Molly's dog's is name Spike.	Molly's dog's is name Tom.	Molly's dog's is name Tiger.	Molly's dog plays with ball.	Molly's dog plays with fish.	Molly's dog plays with mouse.	Molly's dog plays with paper.
mc160.train.59	dog is in At his friend's house.	dog is in The field, forest and neighborhood.	dog is in In the garage.	dog is in By the lake.	 Was Max happy after he was found Yes, he had his human friend back and made a dog friend.	 Was Max happy after he was found Yes, he was lost and glad to be home.	 Was Max happy after he was found Yes, because he could go swimming with Joey again.	 Was Max happy after he was found No, he didn't like Joey so he ran away.	Joey's birthday was on Summer.	Joey's birthday was on Winter.	Joey's birthday was on Fall.	Joey's birthday was on Spring.	Joey's birthday was present A German Shepherd.	Joey's birthday was present Books.	Joey's birthday was present A Cat.	Joey's birthday was present A  Poodle.
mc160.train.60	Luke's dog is named Squeaky.	Luke's dog is named Bob.	Luke's dog is named Sparky.	Luke's dog is named Freckles.	The pond is on First.	The pond is on Willow.	The pond is on Elm.	The pond is on Vine.	Luke puts on his hat, coat and gloves, and leaves all of them on through the whole story.	Luke puts on his hat, coat, and gloves, but takes them off before going to the pond.	Luke put on his hat, coat and gloves, but later takes off his hat and coat.	Luke puts on his hat, coat, and gloves, but later takes off only his gloves.	Luke stay on Vine Street the whole way.	Luke and Sparky take to the pond Across First Street and taking a left turn to Elm Street.	Luke and Sparky take to the pond Down Vine Street, across Willow Street, turning on First Street to Elm Street.	Luke and Sparky take to the pond Down Elm Street, to Willow Street, Turning on Vine Street, to First Street.
mc160.train.61	Tim was hoped going to get him the bike His friends.	Tim was hoped going to get him the bike His teacher.	Tim was hoped going to get him the bike His parents.	Tim was hoped going to get him the bike His brother.	Tim did n't open any presents	Tim was his birthday	Tim was the best kid in class	Tim won them in a game	Yellow color was the bike Tim always wanted.	Green color was the bike Tim always wanted.	Red color was the bike Tim always wanted.	Blue color was the bike Tim always wanted.	His Sister hid the bike from Tim.	His Friend hid the bike from Tim.	His Mom hid the bike from Tim.	His Dad hid the bike from Tim.
mc160.train.62	the family planning to is have for dinner tomorrow chicken and rice.	the family planning to is have for dinner tomorrow chicken, carrots and potatoes.	the family planning to is have for dinner tomorrow chicken soup.	the family planning to is have for dinner tomorrow Thai noodles with chicken and red peppers.	homework that does Amy need help with is English.	homework that does Amy need help with is Math.	homework that does Amy need help with is Art.	homework that does Amy need help with is Social studies.	Joe felt sad because Because Cindy wanted Amy to help her with her homework.	Joe felt sad because Because the chicken was no good.	Joe felt sad because Because he ate an ingredient needed for tomorrow's dinner.	Joe felt sad because Because Cindy went to get a glass of water.	Amy, Joe and Cindy had for dinner only chicken.	Amy, Joe and Cindy had for dinner Chicken soup.	Amy, Joe and Cindy had for dinner chicken, carrots and potatoes.	Amy, Joe and Cindy had for dinner Thai noodles with chicken.
mc160.train.63	Eliza's favorite was sport that she did Gymnastics.	Eliza's favorite was sport that she did Basketball.	Eliza's favorite was sport that she did Dance.	Eliza's favorite was sport that she did Soccer.	her parents help Eliza with her school work she did was having problems with Focus on dance and not do her schoolwork.	her parents help Eliza with her school work she did was having problems with Let her friends do her homework.	her parents help Eliza with her school work she did was having problems with Stayed at school longer hours.	her parents help Eliza with her school work she did was having problems with Got her extra help outside of the classroom.	Eliza having problems was with the English part of school.	Eliza having problems was with the History part of school.	Eliza having problems was with the Science part of school.	Eliza having problems was with the Math part of school.	"the recital that Eliza and Maddy was were practicing for ""Beauty and the Beast""."	"the recital that Eliza and Maddy was were practicing for ""The Beauty and the Rain""."	"the recital that Eliza and Maddy was were practicing for ""Beauty is inside our Hearts""."	Eliza are all Beautiful
mc160.train.64	going to the beach were To many people to count! people.	going to the beach were Five people people.	going to the beach were Sam was the only one going to the beach people.	going to the beach were Three, Sam his mom and his dad people.	Sam excited because Because his grandma gave him a pale.	Sam excited because Because he likes sandwiches.	Sam excited because Because he could count.	Sam excited because Because they were going to the beach.	sam's grandma gave him Sam's grandma game him a pale.	sam's grandma gave him Sam's grandma gave him breakfast.	sam's grandma gave him Sam's grandma gave him a sandwich.	sam's grandma gave him Sam's grandma gave him a day at the beach.	they making were They were making a game.	they making were They were making sandwiches.	they making were They were making a pale.	they making were The were making the beach.
mc160.train.65	the Frisbee costs 75 cents.	the Frisbee costs 75 dollars.	the Frisbee costs 25 cents.	the Frisbee costs 80 cents.	Grace looked for when she left the store Susan and Jeff.	Grace looked for when she left the store Jeff and Grace.	Grace looked for when she left the store Susan and Ginger.	Grace looked for when she left the store Ginger and Jeff.	Frisbee lands in a tree	Frisbee hits the ground	Frisbee flies over Ginger 's head	Ginger catches it happens to the Frisbee when Grace throws it for the last time.	Ginger and Grace did the next day found Susan.	Ginger and Grace did the next day ate cookies.	Ginger and Grace did the next day went back to the park, got their Frisbee back, and played again.	Ginger and Grace did the next day talked to Jeff.
mc160.train.66	Lulu's favorite water bowl is in her favorite water bowl is the fish bowl.	Lulu's favorite water bowl is in her favorite water bowl is on the kitchen floor.	Lulu's favorite water bowl is in her favorite water bowl is in her cage.	Lulu's favorite water bowl is in her favorite water bowl is the cat's water bowl.	Daddy get mad because Lulu never brings her lamb to him when they play fetch.	Daddy get mad because Lulu drinks from Daddy's water glass.	Daddy get mad because Lulu steals Daddy's blanket.	Daddy get mad because Lulu barks at everything and she barks all the time.	Lauren and Alan give to Lulu to sleep with Lauren gives Lulu her doll and Alan gives Lulu his scarf.	Lauren and Alan give to Lulu to sleep with Lauren gives her a toy cat and Alan gives her Grandma's blanket.	Lauren and Alan give to Lulu to sleep with Lauren gives her the lamb and Alan gives her his blanket.	Lauren and Alan give to Lulu to sleep with Lauren gives Lulu her blanket and Alan gives her the lamb.	Alan's toy dog toy does Lulu like to play with.	her ball toy does Lulu like to play with.	Lulu blanket	her lamb toy does Lulu like to play with.
mc160.train.67	Mandy likes to paint flowers.	Mandy likes to paint elephants.	Mandy likes to paint bugs.	Mandy likes to paint trees.	Timothy does do with Mandy and Andrew watches television.	Timothy does do with Mandy and Andrew plays baseball.	Timothy does do with Mandy and Andrew goes home.	Timothy does do with Mandy and Andrew paints.	Mandy's friend is Sean.	Andrew's mom is Sean.	Timothy's imaginary friend is Sean.	Mandy's teacher is Sean.	Andrew eats after baseball apples.	Andrew eats after baseball his homework.	Andrew eats after baseball carrots.	Andrew eats after baseball cake.
mc160.train.68	Based on Reading John likes to do, Reading else do you think John would enjoy.	Based on Cooking John likes to do, Cooking else do you think John would enjoy.	Based on Soccer John likes to do, Soccer else do you think John would enjoy.	Based on Watching television John likes to do, Watching television else do you think John would enjoy.	crazy basketball tricks does John that enjoy is Side passes.	crazy basketball tricks does John that enjoy is Bounce passes.	crazy basketball tricks does John that enjoy is Slam dunks.	crazy basketball tricks does John that enjoy is Overhead passes.	John had a special bat	John once got a home run	John practiced every day and every night	John was a great pitcher	John likes Clothes.	John likes Books.	John likes Sports.	John likes Video Games.
mc160.train.69	Max feel when Mary founded him at the end of the story Happy.	Max feel when Mary founded him at the end of the story Angry.	Max feel when Mary founded him at the end of the story Bored.	Max feel when Mary founded him at the end of the story Afraid.	Mary doing in the woods was Picking blueberries.	Mary doing in the woods was Chasing squirrels.	Mary doing in the woods was Napping.	Mary doing in the woods was Visiting a cabin.	Squirrel such as Max.	Cat such as Max.	Rabbit such as Max.	Dog such as Max.	Max was afraid	Max heard a loud noise	Max wanted some water	Max chased a squirrel
